Metric,Value
Validation Accuracy,0.6848852634429932
Precision,0.6825321410247216
Recall,0.6848852436418774
F1 Score,0.6809395105769517
